,Entity,Date,Open,High,Low,Close,Volume
155,Facebook,2013-01-02,27.440000534057617,28.18000030517578,27.420000076293945,28.0,69846400
156,Facebook,2013-01-03,27.8799991607666,28.46999931335449,27.59000015258789,27.770000457763672,63140600
157,Facebook,2013-01-04,28.01000022888184,28.93000030517578,27.82999992370605,28.76000022888184,72715400
158,Facebook,2013-01-07,28.690000534057617,29.790000915527344,28.649999618530277,29.420000076293945,83781800
159,Facebook,2013-01-08,29.51000022888184,29.600000381469727,28.86000061035156,29.059999465942383,45871300
160,Facebook,2013-01-09,29.670000076293945,30.600000381469727,29.489999771118164,30.59000015258789,104787700
161,Facebook,2013-01-10,30.600000381469727,31.450000762939453,30.280000686645508,31.299999237060547,95316400
162,Facebook,2013-01-11,31.280000686645508,31.959999084472656,31.100000381469727,31.71999931335449,89598000
163,Facebook,2013-01-14,32.08000183105469,32.209999084472656,30.6200008392334,30.950000762939453,98892800
164,Facebook,2013-01-15,30.63999938964844,31.709999084472656,29.8799991607666,30.100000381469727,173242600
165,Facebook,2013-01-16,30.209999084472656,30.350000381469727,29.530000686645508,29.850000381469727,75332700
166,Facebook,2013-01-17,30.07999992370605,30.420000076293945,30.030000686645508,30.13999938964844,40256700
167,Facebook,2013-01-18,30.309999465942383,30.440000534057617,29.270000457763672,29.65999984741211,49631500
168,Facebook,2013-01-22,29.75,30.88999938964844,29.739999771118164,30.729999542236328,55243300
169,Facebook,2013-01-23,31.100000381469727,31.5,30.799999237060547,30.81999969482422,48899800
170,Facebook,2013-01-24,31.270000457763672,31.489999771118164,30.809999465942383,31.07999992370605,43845100
171,Facebook,2013-01-25,31.40999984741211,31.93000030517578,31.1299991607666,31.540000915527344,54363600
172,Facebook,2013-01-28,31.8799991607666,32.5099983215332,31.809999465942383,32.470001220703125,59682500
173,Facebook,2013-01-29,32.0,32.06999969482422,30.709999084472656,30.790000915527344,72976500
174,Facebook,2013-01-30,30.979999542236328,31.489999771118164,30.8799991607666,31.239999771118164,87682100
175,Facebook,2013-01-31,29.149999618530277,31.46999931335449,28.739999771118164,30.979999542236328,190744900
176,Facebook,2013-02-01,31.01000022888184,31.020000457763672,29.6299991607666,29.729999542236328,85856700
177,Facebook,2013-02-04,29.059999465942383,29.200000762939453,28.01000022888184,28.11000061035156,92362200
178,Facebook,2013-02-05,28.26000022888184,28.959999084472656,28.040000915527344,28.63999938964844,47948200
179,Facebook,2013-02-06,28.739999771118164,29.290000915527344,28.65999984741211,29.049999237060547,38375900
180,Facebook,2013-02-07,29.11000061035156,29.149999618530277,28.270000457763672,28.649999618530277,34540100
181,Facebook,2013-02-08,28.88999938964844,29.170000076293945,28.51000022888184,28.549999237060547,37708800
182,Facebook,2013-02-11,28.61000061035156,28.68000030517578,28.040000915527344,28.26000022888184,37361800
183,Facebook,2013-02-12,27.670000076293945,28.15999984741211,27.100000381469727,27.3700008392334,93498700
184,Facebook,2013-02-13,27.36000061035156,28.31999969482422,27.309999465942383,27.90999984741211,50164000
185,Facebook,2013-02-14,28.020000457763672,28.6299991607666,28.01000022888184,28.5,35615800
186,Facebook,2013-02-15,28.520000457763672,28.75,28.09000015258789,28.31999969482422,33109300
187,Facebook,2013-02-19,28.229999542236328,29.07999992370605,28.1200008392334,28.93000030517578,49396400
188,Facebook,2013-02-20,28.920000076293945,29.049999237060547,28.32999992370605,28.459999084472656,42098200
189,Facebook,2013-02-21,28.280000686645508,28.549999237060547,27.149999618530277,27.280000686645508,49642300
190,Facebook,2013-02-22,27.6200008392334,27.6299991607666,26.81999969482422,27.1299991607666,36350200
191,Facebook,2013-02-25,27.15999984741211,27.63999938964844,27.149999618530277,27.270000457763672,34652000
192,Facebook,2013-02-26,27.36000061035156,27.459999084472656,26.700000762939453,27.38999938964844,31611700
193,Facebook,2013-02-27,27.34000015258789,27.34000015258789,26.6299991607666,26.8700008392334,44319700
194,Facebook,2013-02-28,26.84000015258789,27.299999237060547,26.34000015258789,27.25,83027800
195,Facebook,2013-03-01,27.049999237060547,28.1200008392334,26.809999465942383,27.780000686645508,54064800
196,Facebook,2013-03-04,27.76000022888184,28.059999465942383,27.440000534057617,27.71999931335449,32400700
197,Facebook,2013-03-05,27.8799991607666,28.18000030517578,27.209999084472656,27.520000457763672,40622200
198,Facebook,2013-03-06,28.100000381469727,28.1299991607666,27.350000381469727,27.450000762939453,33532600
199,Facebook,2013-03-07,27.56999969482422,28.68000030517578,27.46999931335449,28.57999992370605,74540200
200,Facebook,2013-03-08,28.43000030517578,28.46999931335449,27.729999542236328,27.959999084472656,44198900
201,Facebook,2013-03-11,28.01000022888184,28.63999938964844,27.82999992370605,28.13999938964844,35642100
202,Facebook,2013-03-12,28.100000381469727,28.31999969482422,27.600000381469727,27.82999992370605,27569600
203,Facebook,2013-03-13,27.6200008392334,27.649999618530277,26.920000076293945,27.07999992370605,39619500
204,Facebook,2013-03-14,27.100000381469727,27.43000030517578,26.82999992370605,27.040000915527344,27646400
205,Facebook,2013-03-15,27.030000686645508,27.059999465942383,26.559999465942383,26.649999618530277,31597400
206,Facebook,2013-03-18,26.3700008392334,26.790000915527344,25.780000686645508,26.489999771118164,26653700
207,Facebook,2013-03-19,26.530000686645508,26.899999618530277,26.209999084472656,26.549999237060547,25254200
208,Facebook,2013-03-20,26.68000030517578,26.690000534057617,25.780000686645508,25.86000061035156,44006500
209,Facebook,2013-03-21,25.65999984741211,26.11000061035156,25.559999465942383,25.739999771118164,24336100
210,Facebook,2013-03-22,25.799999237060547,26.01000022888184,25.6299991607666,25.729999542236328,18456300
211,Facebook,2013-03-25,25.75,25.799999237060547,25.07999992370605,25.1299991607666,39199000
212,Facebook,2013-03-26,25.07999992370605,25.479999542236328,25.030000686645508,25.209999084472656,26957200
213,Facebook,2013-03-27,25.0,26.280000686645508,24.71999931335449,26.09000015258789,52297400
214,Facebook,2013-03-28,26.09000015258789,26.170000076293945,25.520000457763672,25.57999992370605,28585700
215,Facebook,2013-04-01,25.6299991607666,25.88999938964844,25.280000686645508,25.530000686645508,22249300
216,Facebook,2013-04-02,25.770000457763672,26.1200008392334,25.299999237060547,25.420000076293945,35153300
217,Facebook,2013-04-03,25.82999992370605,26.38999938964844,25.700000762939453,26.25,48195200
218,Facebook,2013-04-04,26.6200008392334,27.229999542236328,26.11000061035156,27.06999969482422,82016800
219,Facebook,2013-04-05,26.86000061035156,27.799999237060547,26.61000061035156,27.38999938964844,64566600
220,Facebook,2013-04-08,27.190000534057617,27.200000762939453,26.6299991607666,26.850000381469727,27256000
221,Facebook,2013-04-09,26.57999992370605,26.88999938964844,26.420000076293945,26.59000015258789,21311100
222,Facebook,2013-04-10,27.01000022888184,27.84000015258789,26.899999618530277,27.56999969482422,45949400
223,Facebook,2013-04-11,27.479999542236328,28.100000381469727,27.25,28.020000457763672,33368500
224,Facebook,2013-04-12,28.0,28.0,27.239999771118164,27.399999618530277,28697400
225,Facebook,2013-04-15,27.15999984741211,27.479999542236328,26.36000061035156,26.520000457763672,30275400
226,Facebook,2013-04-16,26.809999465942383,27.11000061035156,26.399999618530277,26.920000076293945,27365900
227,Facebook,2013-04-17,26.649999618530277,27.200000762939453,26.38999938964844,26.6299991607666,26440600
228,Facebook,2013-04-18,26.81999969482422,26.81999969482422,25.149999618530277,25.690000534057617,39059000
229,Facebook,2013-04-19,25.6200008392334,25.959999084472656,25.32999992370605,25.729999542236328,20380900
230,Facebook,2013-04-22,25.809999465942383,26.36000061035156,25.700000762939453,25.96999931335449,25687600
231,Facebook,2013-04-23,26.21999931335449,26.32999992370605,25.770000457763672,25.979999542236328,25191500
232,Facebook,2013-04-24,25.93000030517578,26.399999618530277,25.799999237060547,26.11000061035156,19729900
233,Facebook,2013-04-25,26.06999969482422,26.399999618530277,26.0,26.13999938964844,17150000
234,Facebook,2013-04-26,26.600000381469727,27.6200008392334,26.600000381469727,26.850000381469727,33018000
235,Facebook,2013-04-29,27.15999984741211,27.40999984741211,26.86000061035156,26.979999542236328,29201100
236,Facebook,2013-04-30,27.1299991607666,27.850000381469727,27.01000022888184,27.770000457763672,36245700
237,Facebook,2013-05-01,27.850000381469727,27.920000076293945,27.309999465942383,27.43000030517578,64567600
238,Facebook,2013-05-02,28.01000022888184,29.020000457763672,27.979999542236328,28.96999931335449,104257000
239,Facebook,2013-05-03,29.040000915527344,29.06999969482422,28.149999618530277,28.309999465942383,58506400
240,Facebook,2013-05-06,28.32999992370605,28.459999084472656,27.479999542236328,27.56999969482422,43939400
241,Facebook,2013-05-07,27.549999237060547,27.850000381469727,26.850000381469727,26.88999938964844,41259100
242,Facebook,2013-05-08,26.8799991607666,27.299999237060547,26.649999618530277,27.1200008392334,34654900
243,Facebook,2013-05-09,27.07999992370605,27.549999237060547,26.850000381469727,27.040000915527344,33457200
244,Facebook,2013-05-10,27.13999938964844,27.299999237060547,26.56999969482422,26.68000030517578,30847100
245,Facebook,2013-05-13,26.600000381469727,27.32999992370605,26.530000686645508,26.81999969482422,29068800
246,Facebook,2013-05-14,26.88999938964844,27.280000686645508,26.81999969482422,27.06999969482422,24930300
247,Facebook,2013-05-15,26.920000076293945,26.989999771118164,26.399999618530277,26.600000381469727,30299800
248,Facebook,2013-05-16,26.479999542236328,26.549999237060547,25.899999618530277,26.1299991607666,35499100
249,Facebook,2013-05-17,26.399999618530277,26.600000381469727,26.200000762939453,26.25,29462700
250,Facebook,2013-05-20,26.18000030517578,26.190000534057617,25.690000534057617,25.76000022888184,42402900
251,Facebook,2013-05-21,25.8700008392334,26.07999992370605,25.59000015258789,25.65999984741211,26261300
252,Facebook,2013-05-22,25.649999618530277,25.850000381469727,24.920000076293945,25.15999984741211,45314500
253,Facebook,2013-05-23,24.799999237060547,25.530000686645508,24.770000457763672,25.059999465942383,37663100
254,Facebook,2013-05-24,24.96999931335449,24.96999931335449,24.07999992370605,24.309999465942383,58727900
255,Facebook,2013-05-28,24.540000915527344,24.540000915527344,23.920000076293945,24.100000381469727,50079700
256,Facebook,2013-05-29,23.790000915527344,23.809999465942383,23.26000022888184,23.31999969482422,64237800
257,Facebook,2013-05-30,24.1299991607666,24.780000686645508,23.93000030517578,24.549999237060547,60733200
258,Facebook,2013-05-31,24.6299991607666,24.950000762939453,24.270000457763672,24.350000381469727,35925000
259,Facebook,2013-06-03,24.270000457763672,24.31999969482422,23.709999084472656,23.850000381469727,35733800
260,Facebook,2013-06-04,23.88999938964844,23.93000030517578,23.31999969482422,23.520000457763672,34760800
261,Facebook,2013-06-05,23.350000381469727,23.709999084472656,22.790000915527344,22.899999618530277,53819700
262,Facebook,2013-06-06,22.989999771118164,23.09000015258789,22.670000076293945,22.96999931335449,31260700
263,Facebook,2013-06-07,23.030000686645508,23.399999618530277,22.86000061035156,23.290000915527344,38699200
264,Facebook,2013-06-10,24.059999465942383,24.600000381469727,23.989999771118164,24.32999992370605,58393000
265,Facebook,2013-06-11,24.030000686645508,24.350000381469727,24.0,24.030000686645508,29885900
266,Facebook,2013-06-12,24.15999984741211,24.26000022888184,23.57999992370605,23.770000457763672,26445800
267,Facebook,2013-06-13,23.71999931335449,23.82999992370605,23.270000457763672,23.729999542236328,31189300
268,Facebook,2013-06-14,23.559999465942383,23.88999938964844,23.26000022888184,23.6299991607666,30677100
269,Facebook,2013-06-17,23.90999984741211,24.25,23.75,24.020000457763672,33664500
270,Facebook,2013-06-18,24.09000015258789,24.690000534057617,24.07999992370605,24.209999084472656,36709100
271,Facebook,2013-06-19,24.200000762939453,25.190000534057617,24.100000381469727,24.309999465942383,31790600
272,Facebook,2013-06-20,24.280000686645508,24.75,23.649999618530277,23.899999618530277,42765600
273,Facebook,2013-06-21,24.59000015258789,24.700000762939453,24.049999237060547,24.530000686645508,45833900
274,Facebook,2013-06-24,23.950000762939453,24.11000061035156,23.3799991607666,23.940000534057617,40626000
275,Facebook,2013-06-25,24.13999938964844,24.43000030517578,24.040000915527344,24.25,24713200
276,Facebook,2013-06-26,24.51000022888184,24.649999618530277,23.989999771118164,24.15999984741211,29890300
277,Facebook,2013-06-27,24.239999771118164,24.84000015258789,24.209999084472656,24.65999984741211,34694100
278,Facebook,2013-06-28,24.68000030517578,24.979999542236328,24.420000076293945,24.8799991607666,96778900
279,Facebook,2013-07-01,24.96999931335449,25.059999465942383,24.6200008392334,24.809999465942383,20582200
280,Facebook,2013-07-02,24.700000762939453,24.770000457763672,24.299999237060547,24.40999984741211,18394100
281,Facebook,2013-07-03,24.21999931335449,24.709999084472656,24.149999618530277,24.520000457763672,10404400
282,Facebook,2013-07-05,24.649999618530277,24.65999984741211,24.200000762939453,24.3700008392334,20229500
283,Facebook,2013-07-08,24.46999931335449,25.040000915527344,24.420000076293945,24.709999084472656,27064600
284,Facebook,2013-07-09,25.06999969482422,25.489999771118164,25.030000686645508,25.479999542236328,30387900
285,Facebook,2013-07-10,25.57999992370605,25.82999992370605,25.46999931335449,25.799999237060547,26721800
286,Facebook,2013-07-11,25.959999084472656,26.0,25.450000762939453,25.809999465942383,26777400
287,Facebook,2013-07-12,25.739999771118164,25.93000030517578,25.549999237060547,25.90999984741211,16537900
288,Facebook,2013-07-15,25.93000030517578,26.43000030517578,25.649999618530277,26.280000686645508,24234000
289,Facebook,2013-07-16,26.38999938964844,26.75,26.01000022888184,26.31999969482422,30817600
290,Facebook,2013-07-17,26.3700008392334,26.780000686645508,26.299999237060547,26.649999618530277,21518500
291,Facebook,2013-07-18,26.75,26.770000457763672,26.1200008392334,26.18000030517578,24806900
292,Facebook,2013-07-19,25.81999969482422,26.11000061035156,25.600000381469727,25.8799991607666,46539700
293,Facebook,2013-07-22,25.989999771118164,26.1299991607666,25.71999931335449,26.049999237060547,27526300
294,Facebook,2013-07-23,26.100000381469727,26.299999237060547,25.96999931335449,26.1299991607666,28221600
295,Facebook,2013-07-24,26.31999969482422,26.530000686645508,26.049999237060547,26.51000022888184,82635600
296,Facebook,2013-07-25,33.540000915527344,34.880001068115234,32.75,34.36000061035156,365457900
297,Facebook,2013-07-26,33.77000045776367,34.72999954223633,33.560001373291016,34.0099983215332,136028900
298,Facebook,2013-07-29,34.06999969482422,35.630001068115234,34.0099983215332,35.43000030517578,124718800
299,Facebook,2013-07-30,35.650001525878906,37.959999084472656,35.31999969482422,37.630001068115234,173582800
300,Facebook,2013-07-31,37.959999084472656,38.310001373291016,36.33000183105469,36.79999923706055,154828700
301,Facebook,2013-08-01,37.29999923706055,38.290000915527344,36.91999816894531,37.4900016784668,106066500
302,Facebook,2013-08-02,37.65999984741211,38.4900016784668,37.5,38.04999923706055,73058500
303,Facebook,2013-08-05,38.43000030517578,39.31999969482422,38.25,39.18999862670898,79994800
304,Facebook,2013-08-06,39.11000061035156,39.25,37.93999862670898,38.54999923706055,63950800
305,Facebook,2013-08-07,38.61000061035156,38.93999862670898,37.70000076293945,38.869998931884766,68854800
306,Facebook,2013-08-08,39.130001068115234,39.18999862670898,38.43000030517578,38.540000915527344,41301000
307,Facebook,2013-08-09,38.59000015258789,38.7400016784668,38.0099983215332,38.5,43532300
308,Facebook,2013-08-12,38.20000076293945,38.5,38.09999847412109,38.220001220703125,31161000
309,Facebook,2013-08-13,38.2400016784668,38.31999969482422,36.77000045776367,37.02000045776367,65379200
310,Facebook,2013-08-14,36.83000183105469,37.54999923706055,36.619998931884766,36.650001525878906,48423900
311,Facebook,2013-08-15,36.36000061035156,37.06999969482422,36.02000045776367,36.560001373291016,56521100
312,Facebook,2013-08-16,36.970001220703125,37.4900016784668,36.900001525878906,37.08000183105469,45840800
313,Facebook,2013-08-19,37.43000030517578,38.27999877929688,37.13999938964844,37.810001373291016,57609600
314,Facebook,2013-08-20,38.34999847412109,38.58000183105469,37.68999862670898,38.40999984741211,57995200
315,Facebook,2013-08-21,38.380001068115234,38.84999847412109,38.150001525878906,38.31999969482422,46116900
316,Facebook,2013-08-22,38.369998931884766,38.75,38.34000015258789,38.54999923706055,21931200
317,Facebook,2013-08-23,39.0,40.630001068115234,38.93000030517578,40.54999923706055,86442300
318,Facebook,2013-08-26,40.900001525878906,41.93999862670898,40.619998931884766,41.34000015258789,94162400
319,Facebook,2013-08-27,40.68000030517578,41.20000076293945,39.41999816894531,39.63999938964844,72695100
320,Facebook,2013-08-28,39.959999084472656,40.84999847412109,39.880001068115234,40.54999923706055,57918200
321,Facebook,2013-08-29,40.88999938964844,41.77999877929688,40.79999923706055,41.27999877929688,58303400
322,Facebook,2013-08-30,42.02000045776367,42.2599983215332,41.060001373291016,41.290000915527344,67735100
323,Facebook,2013-09-03,41.84000015258789,42.15999984741211,41.5099983215332,41.869998931884766,48774900
324,Facebook,2013-09-04,42.0099983215332,42.16999816894531,41.43999862670898,41.77999877929688,42581900
325,Facebook,2013-09-05,41.790000915527344,42.77000045776367,41.77000045776367,42.65999984741211,50035400
326,Facebook,2013-09-06,43.09000015258789,44.61000061035156,42.400001525878906,43.95000076293945,117535700
327,Facebook,2013-09-09,44.36000061035156,44.790000915527344,43.70000076293945,44.040000915527344,75794700
328,Facebook,2013-09-10,44.2400016784668,44.2599983215332,43.22999954223633,43.59999847412109,54540300
329,Facebook,2013-09-11,43.38999938964844,45.09000015258789,43.11000061035156,45.040000915527344,72328300
330,Facebook,2013-09-12,45.52999877929688,45.619998931884766,44.650001525878906,44.75,68072300
331,Facebook,2013-09-13,45.040000915527344,45.08000183105469,43.93000030517578,44.310001373291016,52765300
332,Facebook,2013-09-16,44.84999847412109,44.93999862670898,42.43000030517578,42.5099983215332,70424200
333,Facebook,2013-09-17,42.5,45.43999862670898,42.43000030517578,45.06999969482422,91934600
334,Facebook,2013-09-18,44.84000015258789,45.470001220703125,44.400001525878906,45.22999954223633,79317000
335,Facebook,2013-09-19,45.5099983215332,46.04999923706055,45.22999954223633,45.97999954223633,63972400
336,Facebook,2013-09-20,46.31999969482422,47.59999847412109,45.7400016784668,47.4900016784668,115508400
337,Facebook,2013-09-23,47.27999877929688,47.54999923706055,46.290000915527344,47.18999862670898,75177000
338,Facebook,2013-09-24,48.5099983215332,49.65999984741211,48.15999984741211,48.45000076293945,136716100
339,Facebook,2013-09-25,49.22999954223633,49.540000915527344,48.459999084472656,49.459999084472656,87879700
340,Facebook,2013-09-26,50.0099983215332,50.59999847412109,49.5,50.38999938964844,98220100
341,Facebook,2013-09-27,50.290000915527344,51.27999877929688,49.86000061035156,51.2400016784668,81410500
342,Facebook,2013-09-30,50.13999938964844,51.59999847412109,49.79999923706055,50.22999954223633,100095000
343,Facebook,2013-10-01,49.970001220703125,51.02999877929688,49.45000076293945,50.41999816894531,98114000
344,Facebook,2013-10-02,50.130001068115234,51.09999847412109,49.95000076293945,50.27999877929688,62834000
345,Facebook,2013-10-03,50.470001220703125,50.720001220703125,49.060001373291016,49.18000030517578,82045000
346,Facebook,2013-10-04,49.77000045776367,51.15999984741211,49.56999969482422,51.040000915527344,74447000
347,Facebook,2013-10-07,50.72999954223633,51.290000915527344,50.400001525878906,50.52000045776367,57204000
348,Facebook,2013-10-08,50.59999847412109,50.59999847412109,47.08000183105469,47.13999938964844,136081000
349,Facebook,2013-10-09,47.380001068115234,47.84000015258789,45.2599983215332,46.77000045776367,147297000
350,Facebook,2013-10-10,47.869998931884766,49.68000030517578,47.83000183105469,49.04999923706055,99774000
351,Facebook,2013-10-11,49.18000030517578,49.869998931884766,48.790000915527344,49.11000061035156,58428000
352,Facebook,2013-10-14,48.310001373291016,49.630001068115234,47.90999984741211,49.5099983215332,68781000
353,Facebook,2013-10-15,49.9900016784668,51.0,49.18000030517578,49.5,81167000
354,Facebook,2013-10-16,50.040000915527344,51.2400016784668,49.900001525878906,51.13999938964844,64678000
355,Facebook,2013-10-17,51.119998931884766,52.220001220703125,50.95000076293945,52.209999084472656,71522000
356,Facebook,2013-10-18,54.18000030517578,54.83000183105469,53.59999847412109,54.220001220703125,88260000
357,Facebook,2013-10-21,54.68000030517578,54.810001373291016,53.5099983215332,53.84999847412109,58235000
358,Facebook,2013-10-22,54.33000183105469,54.7599983215332,52.20000076293945,52.68000030517578,83204000
359,Facebook,2013-10-23,51.75,52.25,51.130001068115234,51.900001525878906,57207000
360,Facebook,2013-10-24,52.380001068115234,52.84000015258789,51.59000015258789,52.45000076293945,46775000
361,Facebook,2013-10-25,53.18000030517578,53.2400016784668,51.880001068115234,51.95000076293945,45085000
362,Facebook,2013-10-28,51.540000915527344,51.70000076293945,49.61000061035156,50.22999954223633,73472000
363,Facebook,2013-10-29,50.72999954223633,50.790000915527344,49.25,49.400001525878906,102143000
364,Facebook,2013-10-30,50.0,50.209999084472656,48.75,49.0099983215332,127073000
365,Facebook,2013-10-31,47.15999984741211,52.0,46.5,50.209999084472656,248809000
366,Facebook,2013-11-01,50.84999847412109,52.09000015258789,49.720001220703125,49.75,95033000
367,Facebook,2013-11-04,49.369998931884766,49.75,48.02000045776367,48.220001220703125,80371000
368,Facebook,2013-11-05,47.790000915527344,50.18000030517578,47.5099983215332,50.11000061035156,76835000
369,Facebook,2013-11-06,50.2599983215332,50.45000076293945,48.709999084472656,49.119998931884766,67889000
370,Facebook,2013-11-07,49.2400016784668,49.869998931884766,47.29999923706055,47.560001373291016,97128000
371,Facebook,2013-11-08,47.810001373291016,48.650001525878906,47.25,47.52999877929688,70731000
372,Facebook,2013-11-11,47.040000915527344,47.52999877929688,45.72999954223633,46.20000076293945,80910000
373,Facebook,2013-11-12,46.0,47.369998931884766,45.83000183105469,46.61000061035156,68196000
374,Facebook,2013-11-13,46.22999954223633,48.7400016784668,46.060001373291016,48.709999084472656,79245000
375,Facebook,2013-11-14,48.70000076293945,49.56999969482422,48.02999877929688,48.9900016784668,75117000
376,Facebook,2013-11-15,49.11000061035156,49.47999954223633,48.709999084472656,49.0099983215332,42453000
377,Facebook,2013-11-18,48.470001220703125,48.84000015258789,45.79999923706055,45.83000183105469,85910000
378,Facebook,2013-11-19,46.2599983215332,47.0,45.720001220703125,46.36000061035156,75602000
379,Facebook,2013-11-20,46.61000061035156,47.54999923706055,46.310001373291016,46.43000030517578,53933000
380,Facebook,2013-11-21,46.9900016784668,47.459999084472656,46.68999862670898,46.70000076293945,34886000
381,Facebook,2013-11-22,47.040000915527344,47.27000045776367,45.959999084472656,46.22999954223633,40545000
382,Facebook,2013-11-25,46.36000061035156,46.650001525878906,44.040000915527344,44.81999969482422,82565000
383,Facebook,2013-11-26,44.65999984741211,46.16999816894531,43.54999923706055,45.88999938964844,82016000
384,Facebook,2013-11-27,45.970001220703125,46.66999816894531,45.52999877929688,46.4900016784668,44993000
385,Facebook,2013-11-29,46.75,47.209999084472656,46.5,47.0099983215332,22953900
386,Facebook,2013-12-02,46.900001525878906,47.540000915527344,46.2599983215332,47.060001373291016,50774000
387,Facebook,2013-12-03,46.75,47.20000076293945,46.290000915527344,46.72999954223633,32086000
388,Facebook,2013-12-04,46.459999084472656,48.77000045776367,46.2599983215332,48.619998931884766,60890000
389,Facebook,2013-12-05,48.150001525878906,48.70000076293945,47.869998931884766,48.34000015258789,43855000
390,Facebook,2013-12-06,48.97999954223633,49.38999938964844,47.709999084472656,47.93999862670898,42938000
391,Facebook,2013-12-09,48.09000015258789,48.970001220703125,47.7400016784668,48.84000015258789,36056000
392,Facebook,2013-12-10,48.63999938964844,50.77000045776367,48.540000915527344,50.25,68479000
393,Facebook,2013-12-11,50.54999923706055,50.77000045776367,49.0099983215332,49.380001068115234,65776000
394,Facebook,2013-12-12,51.04999923706055,52.06999969482422,50.65999984741211,51.83000183105469,92723000
395,Facebook,2013-12-13,51.65999984741211,53.5,51.34000015258789,53.31999969482422,82641000
396,Facebook,2013-12-16,53.25,54.5,52.90999984741211,53.810001373291016,85119000
397,Facebook,2013-12-17,54.7599983215332,55.18000030517578,54.2400016784668,54.86000061035156,78751000
398,Facebook,2013-12-18,54.86000061035156,55.88999938964844,53.75,55.56999969482422,76003000
399,Facebook,2013-12-19,54.33000183105469,55.18999862670898,53.95000076293945,55.04999923706055,89753200
400,Facebook,2013-12-20,54.93000030517578,55.150001525878906,54.22999954223633,55.119998931884766,239824000
401,Facebook,2013-12-23,55.5,58.31999969482422,55.45000076293945,57.77000045776367,98297000
402,Facebook,2013-12-24,58.27000045776367,58.58000183105469,56.90999984741211,57.959999084472656,46617800
403,Facebook,2013-12-26,58.31999969482422,58.380001068115234,57.369998931884766,57.72999954223633,55101000
404,Facebook,2013-12-27,57.47999954223633,57.68000030517578,55.25,55.43999862670898,60466000
405,Facebook,2013-12-30,54.93000030517578,55.18000030517578,53.43000030517578,53.709999084472656,68307000
406,Facebook,2013-12-31,54.119998931884766,54.86000061035156,53.90999984741211,54.650001525878906,43076200
1414,Facebook,2018-01-02,177.67999267578125,181.5800018310547,177.5500030517578,181.4199981689453,18151900
1415,Facebook,2018-01-03,181.8800048828125,184.77999877929688,181.3300018310547,184.6699981689453,16886600
1416,Facebook,2018-01-04,184.8999938964844,186.2100067138672,184.1000061035156,184.3300018310547,13880900
1417,Facebook,2018-01-05,185.58999633789065,186.8999938964844,184.92999267578125,186.8500061035156,13574500
1418,Facebook,2018-01-08,187.1999969482422,188.8999938964844,186.3300018310547,188.27999877929688,17994700
1419,Facebook,2018-01-09,188.6999969482422,188.8000030517578,187.1000061035156,187.8699951171875,12393100
1420,Facebook,2018-01-10,186.94000244140625,187.88999938964844,185.6300048828125,187.83999633789065,10529900
1421,Facebook,2018-01-11,188.3999938964844,188.3999938964844,187.3800048828125,187.7700042724609,9588600
1422,Facebook,2018-01-12,178.05999755859375,181.47999572753903,177.39999389648438,179.3699951171875,77551300
1423,Facebook,2018-01-16,181.5,181.75,178.0399932861328,178.38999938964844,36183800
1424,Facebook,2018-01-17,179.25999450683594,179.32000732421875,175.8000030517578,177.60000610351562,27992400
1425,Facebook,2018-01-18,178.1300048828125,180.97999572753903,177.0800018310547,179.8000030517578,23304900
1426,Facebook,2018-01-19,180.8500061035156,182.3699951171875,180.1699981689453,181.2899932861328,26826500
1427,Facebook,2018-01-22,180.8000030517578,185.38999938964844,180.41000366210935,185.3699951171875,21059500
1428,Facebook,2018-01-23,186.0500030517578,189.5500030517578,185.5500030517578,189.3500061035156,25678800
1429,Facebook,2018-01-24,189.88999938964844,190.66000366210935,186.5200042724609,186.5500030517578,24334500
1430,Facebook,2018-01-25,187.9499969482422,188.6199951171875,186.6000061035156,187.47999572753903,17377700
1431,Facebook,2018-01-26,187.75,190.0,186.80999755859372,190.0,17759200
1432,Facebook,2018-01-29,188.75,188.83999633789065,185.6300048828125,185.97999572753903,20453200
1433,Facebook,2018-01-30,187.6199951171875,188.17999267578125,181.83999633789065,187.1199951171875,20858600
1434,Facebook,2018-01-31,188.3699951171875,189.8300018310547,185.22000122070312,186.88999938964844,43275100
1435,Facebook,2018-02-01,188.22000122070312,195.32000732421875,187.88999938964844,193.08999633789065,54211300
1436,Facebook,2018-02-02,192.0399932861328,194.2100067138672,189.97999572753903,190.27999877929688,26677500
1437,Facebook,2018-02-05,186.92999267578125,190.6100006103516,180.6100006103516,181.25999450683597,33128200
1438,Facebook,2018-02-06,178.57000732421875,185.7700042724609,177.74000549316406,185.30999755859372,37758500
1439,Facebook,2018-02-07,184.1499938964844,185.0800018310547,179.9499969482422,180.17999267578125,27601900
1440,Facebook,2018-02-08,181.00999450683597,181.83999633789065,171.47999572753906,171.5800018310547,38478300
1441,Facebook,2018-02-09,174.75999450683594,176.89999389648438,167.17999267578125,176.11000061035156,39887600
1442,Facebook,2018-02-12,177.05999755859375,177.5500030517578,171.83999633789062,176.41000366210938,32092100
1443,Facebook,2018-02-13,175.6199951171875,175.97000122070312,173.10000610351562,173.14999389648438,21809400
1444,Facebook,2018-02-14,173.4499969482422,179.80999755859375,173.2100067138672,179.52000427246094,28929700
1445,Facebook,2018-02-15,180.5,180.5,176.83999633789062,179.9600067138672,20922100
1446,Facebook,2018-02-16,178.99000549316406,179.8800048828125,176.3000030517578,177.36000061035156,20645300
1447,Facebook,2018-02-20,175.77000427246094,177.9499969482422,175.11000061035156,176.00999450683594,21204900
1448,Facebook,2018-02-21,176.7100067138672,181.2700042724609,176.39999389648438,177.91000366210938,23200800
1449,Facebook,2018-02-22,178.6999969482422,180.2100067138672,177.41000366210938,178.99000549316406,18464200
1450,Facebook,2018-02-23,179.89999389648438,183.38999938964844,179.50999450683594,183.2899932861328,19007300
1451,Facebook,2018-02-26,184.5800018310547,185.66000366210935,183.22000122070312,184.92999267578125,17599700
1452,Facebook,2018-02-27,184.4499969482422,184.6999969482422,181.4600067138672,181.4600067138672,15849800
1453,Facebook,2018-02-28,182.3000030517578,182.8800048828125,178.13999938964844,178.32000732421875,18783000
1454,Facebook,2018-03-01,179.00999450683594,180.1199951171875,174.41000366210938,175.94000244140625,23201600
1455,Facebook,2018-03-02,173.2899932861328,177.11000061035156,172.99000549316406,176.6199951171875,20025900
1456,Facebook,2018-03-05,176.1999969482422,181.1499938964844,175.88999938964844,180.3999938964844,16189300
1457,Facebook,2018-03-06,181.77999877929688,182.3800048828125,179.11000061035156,179.77999877929688,15086800
1458,Facebook,2018-03-07,178.74000549316406,183.82000732421875,178.07000732421875,183.7100067138672,19097300
1459,Facebook,2018-03-08,183.55999755859372,184.3999938964844,181.4499969482422,182.33999633789065,17225900
1460,Facebook,2018-03-09,183.91000366210935,185.50999450683597,183.2100067138672,185.22999572753903,18526300
1461,Facebook,2018-03-12,185.22999572753903,186.1000061035156,184.22000122070312,184.75999450683597,15301200
1462,Facebook,2018-03-13,185.6100006103516,185.9900054931641,181.1100006103516,181.8800048828125,18067500
1463,Facebook,2018-03-14,182.6000061035156,184.25,181.8500061035156,184.19000244140625,16821700
1464,Facebook,2018-03-15,183.2400054931641,184.0,182.19000244140625,183.8600006103516,15614300
1465,Facebook,2018-03-16,184.4900054931641,185.3300018310547,183.41000366210935,185.08999633789065,24403400
1466,Facebook,2018-03-19,177.00999450683594,177.1699981689453,170.05999755859375,172.55999755859375,88140100
1467,Facebook,2018-03-20,167.47000122070312,170.1999969482422,161.9499969482422,168.14999389648438,129851800
1468,Facebook,2018-03-21,164.8000030517578,173.39999389648438,163.3000030517578,169.38999938964844,106598800
1469,Facebook,2018-03-22,166.1300048828125,170.27000427246094,163.72000122070312,164.88999938964844,73743000
1470,Facebook,2018-03-23,165.44000244140625,166.60000610351562,159.02000427246094,159.38999938964844,53609700
1471,Facebook,2018-03-26,160.82000732421875,161.10000610351562,149.02000427246094,160.05999755859375,126116600
1472,Facebook,2018-03-27,156.30999755859375,162.85000610351562,150.75,152.22000122070312,79117000
1473,Facebook,2018-03-28,151.64999389648438,155.8800048828125,150.8000030517578,153.02999877929688,60029200
1474,Facebook,2018-03-29,155.14999389648438,161.4199981689453,154.13999938964844,159.7899932861328,59434300
1475,Facebook,2018-04-02,157.80999755859375,159.1999969482422,154.11000061035156,155.38999938964844,36796000
1476,Facebook,2018-04-03,156.5500030517578,157.38999938964844,150.80999755859375,156.11000061035156,42543900
1477,Facebook,2018-04-04,152.02999877929688,155.55999755859375,150.50999450683594,155.10000610351562,49885600
1478,Facebook,2018-04-05,161.55999755859375,161.57000732421875,156.64999389648438,159.33999633789062,41449600
1479,Facebook,2018-04-06,157.72999572753906,161.4199981689453,156.80999755859375,157.1999969482422,41644800
1480,Facebook,2018-04-09,157.82000732421875,160.52999877929688,156.0399932861328,157.92999267578125,34915200
1481,Facebook,2018-04-10,157.92999267578125,165.97999572753906,157.00999450683594,165.0399932861328,57889300
1482,Facebook,2018-04-11,165.36000061035156,168.64999389648438,163.25,166.32000732421875,56144600
1483,Facebook,2018-04-12,166.97999572753906,167.4499969482422,163.10000610351562,163.8699951171875,38263000
1484,Facebook,2018-04-13,164.5800018310547,165.6999969482422,163.77000427246094,164.52000427246094,19990600
1485,Facebook,2018-04-16,165.72000122070312,165.77999877929688,163.38999938964844,164.8300018310547,18119400
1486,Facebook,2018-04-17,165.8300018310547,169.0,165.66000366210938,168.66000366210938,22743000
1487,Facebook,2018-04-18,166.8800048828125,168.1199951171875,165.77000427246094,166.36000061035156,20969600
1488,Facebook,2018-04-19,166.1999969482422,168.3300018310547,165.1999969482422,168.10000610351562,22235000
1489,Facebook,2018-04-20,167.7899932861328,168.42999267578125,165.80999755859375,166.27999877929688,19119400
1490,Facebook,2018-04-23,167.27000427246094,168.4499969482422,165.08999633789062,165.83999633789062,23088100
1491,Facebook,2018-04-24,165.42999267578125,166.10000610351562,158.19000244140625,159.69000244140625,35079900
1492,Facebook,2018-04-25,160.13999938964844,161.05999755859375,156.19000244140625,159.69000244140625,41083600
1493,Facebook,2018-04-26,173.22000122070312,176.27000427246094,170.8000030517578,174.16000366210938,77556900
1494,Facebook,2018-04-27,176.80999755859375,177.10000610351562,172.60000610351562,173.58999633789062,29804700
1495,Facebook,2018-04-30,173.7899932861328,175.72000122070312,171.7100067138672,172.0,20750500
1496,Facebook,2018-05-01,172.0,174.02000427246094,170.22999572753906,173.86000061035156,26025900
1497,Facebook,2018-05-02,174.25,178.0800018310547,174.1999969482422,176.07000732421875,30424500
1498,Facebook,2018-05-03,175.1300048828125,176.1199951171875,172.1199951171875,174.02000427246094,24026100
1499,Facebook,2018-05-04,173.0800018310547,176.97999572753906,173.05999755859375,176.61000061035156,17677800
1500,Facebook,2018-05-07,177.35000610351562,179.5,177.1699981689453,177.97000122070312,18697200
1501,Facebook,2018-05-08,178.25,179.0399932861328,177.11000061035156,178.9199981689453,15577200
1502,Facebook,2018-05-09,179.6699981689453,183.00999450683597,178.77999877929688,182.66000366210935,23282800
1503,Facebook,2018-05-10,183.1499938964844,186.1300048828125,182.5,185.52999877929688,21071400
1504,Facebook,2018-05-11,184.8500061035156,188.32000732421875,184.17999267578125,186.9900054931641,21207800
1505,Facebook,2018-05-14,187.7100067138672,187.8600006103516,186.1999969482422,186.63999938964844,15646700
1506,Facebook,2018-05-15,184.8800048828125,185.2899932861328,183.1999969482422,184.32000732421875,15429400
1507,Facebook,2018-05-16,183.6999969482422,184.32000732421875,182.66000366210935,183.1999969482422,16975500
1508,Facebook,2018-05-17,182.67999267578125,184.05999755859372,182.22000122070312,183.75999450683597,14840700
1509,Facebook,2018-05-18,183.4900054931641,184.19000244140625,182.6100006103516,182.67999267578125,13130500
1510,Facebook,2018-05-21,183.7700042724609,185.3000030517578,183.1300048828125,184.4900054931641,13532900
1511,Facebook,2018-05-22,184.92999267578125,185.4199981689453,183.42999267578125,183.8000030517578,12731400
1512,Facebook,2018-05-23,182.5,186.91000366210935,182.17999267578125,186.8999938964844,16628100
1513,Facebook,2018-05-24,185.8800048828125,186.8000030517578,185.02999877929688,185.92999267578125,12354700
1514,Facebook,2018-05-25,186.0200042724609,186.3300018310547,184.4499969482422,184.9199981689453,10965100
1515,Facebook,2018-05-29,184.33999633789065,186.80999755859372,183.7100067138672,185.7400054931641,16398900
1516,Facebook,2018-05-30,186.5399932861328,188.0,185.25,187.6699981689453,13736900
1517,Facebook,2018-05-31,187.8699951171875,192.72000122070312,187.47999572753903,191.77999877929688,30782600
1518,Facebook,2018-06-01,193.07000732421875,194.5500030517578,192.07000732421875,193.9900054931641,17307200
1519,Facebook,2018-06-04,191.83999633789065,193.97999572753903,191.47000122070312,193.27999877929688,18939800
1520,Facebook,2018-06-05,194.3000030517578,195.0,192.6199951171875,192.94000244140625,15544300
1521,Facebook,2018-06-06,191.02999877929688,192.52999877929688,189.1100006103516,191.33999633789065,22558900
1522,Facebook,2018-06-07,190.75,190.97000122070312,186.7700042724609,188.17999267578125,21503200
1523,Facebook,2018-06-08,187.52999877929688,189.47999572753903,186.42999267578125,189.1000061035156,12677100
1524,Facebook,2018-06-11,188.80999755859372,192.6000061035156,188.8000030517578,191.5399932861328,12928900
1525,Facebook,2018-06-12,192.1699981689453,193.27999877929688,191.55999755859372,192.3999938964844,11562700
1526,Facebook,2018-06-13,192.7400054931641,194.5,191.91000366210935,192.41000366210935,15853800
1527,Facebook,2018-06-14,193.1000061035156,197.27999877929688,192.91000366210935,196.80999755859372,19120900
1528,Facebook,2018-06-15,195.7899932861328,197.07000732421875,194.63999938964844,195.8500061035156,21860900
1529,Facebook,2018-06-18,194.8000030517578,199.5800018310547,194.1300048828125,198.30999755859372,16826000
1530,Facebook,2018-06-19,196.2400054931641,197.9600067138672,193.7899932861328,197.4900054931641,19994000
1531,Facebook,2018-06-20,199.1000061035156,203.5500030517578,198.80999755859372,202.0,28230900
1532,Facebook,2018-06-21,202.75999450683597,203.38999938964844,200.08999633789065,201.5,19045700
1533,Facebook,2018-06-22,201.16000366210935,202.2400054931641,199.30999755859372,201.7400054931641,17420200
1534,Facebook,2018-06-25,200.0,200.0,193.1100006103516,196.3500061035156,25275100
1535,Facebook,2018-06-26,197.6000061035156,199.1000061035156,196.22999572753903,199.0,17897600
1536,Facebook,2018-06-27,199.17999267578125,200.75,195.8000030517578,195.83999633789065,18734400
1537,Facebook,2018-06-28,195.17999267578125,197.33999633789065,193.25999450683597,196.22999572753903,18172400
1538,Facebook,2018-06-29,197.32000732421875,197.6000061035156,193.9600067138672,194.32000732421875,15811600
1539,Facebook,2018-07-02,193.3699951171875,197.4499969482422,192.22000122070312,197.3600006103516,13961600
1540,Facebook,2018-07-03,194.5500030517578,195.3999938964844,192.5200042724609,192.72999572753903,13489500
1541,Facebook,2018-07-05,194.7400054931641,198.6499938964844,194.02999877929688,198.4499969482422,19684200
1542,Facebook,2018-07-06,198.4499969482422,203.63999938964844,197.6999969482422,203.22999572753903,19740100
1543,Facebook,2018-07-09,204.92999267578125,205.8000030517578,202.1199951171875,204.7400054931641,18149400
1544,Facebook,2018-07-10,204.5,204.91000366210935,202.25999450683597,203.5399932861328,13190100
1545,Facebook,2018-07-11,202.22000122070312,204.5,201.75,202.5399932861328,12927400
1546,Facebook,2018-07-12,203.42999267578125,207.0800018310547,203.19000244140625,206.9199981689453,15454700
1547,Facebook,2018-07-13,207.80999755859372,208.42999267578125,206.4499969482422,207.32000732421875,11486800
1548,Facebook,2018-07-16,207.5,208.72000122070312,206.83999633789065,207.22999572753903,11078200
1549,Facebook,2018-07-17,204.8999938964844,210.4600067138672,204.83999633789065,209.9900054931641,15349900
1550,Facebook,2018-07-18,209.82000732421875,210.9900054931641,208.44000244140625,209.3600006103516,15334900
1551,Facebook,2018-07-19,208.7700042724609,209.9900054931641,207.75999450683597,208.08999633789065,11350400
1552,Facebook,2018-07-20,208.8500061035156,211.5,208.5,209.94000244140625,16163900
1553,Facebook,2018-07-23,210.5800018310547,211.6199951171875,208.8000030517578,210.91000366210935,16732000
1554,Facebook,2018-07-24,215.1100006103516,216.1999969482422,212.6000061035156,214.6699981689453,28468700
1555,Facebook,2018-07-25,215.72000122070312,218.6199951171875,214.2700042724609,217.5,58954200
1556,Facebook,2018-07-26,174.88999938964844,180.1300048828125,173.75,176.25999450683594,169803700
1557,Facebook,2018-07-27,179.8699951171875,179.92999267578125,173.0,174.88999938964844,60073700
1558,Facebook,2018-07-30,175.3000030517578,175.3000030517578,166.55999755859375,171.05999755859375,65280800
1559,Facebook,2018-07-31,170.6699981689453,174.24000549316406,170.0,172.5800018310547,40356500
1560,Facebook,2018-08-01,173.92999267578125,175.0800018310547,170.89999389648438,171.64999389648438,34042100
1561,Facebook,2018-08-02,170.67999267578125,176.7899932861328,170.27000427246094,176.3699951171875,32400000
1562,Facebook,2018-08-03,177.69000244140625,178.85000610351562,176.14999389648438,177.77999877929688,24763400
1563,Facebook,2018-08-06,178.97000122070312,185.7899932861328,178.3800048828125,185.69000244140625,49716200
1564,Facebook,2018-08-07,186.5,188.3000030517578,183.72000122070312,183.80999755859372,33398600
1565,Facebook,2018-08-08,184.75,186.8500061035156,183.75999450683597,185.17999267578125,22205200
1566,Facebook,2018-08-09,185.8500061035156,186.57000732421875,182.47999572753903,183.08999633789065,19732100
1567,Facebook,2018-08-10,182.0399932861328,182.1000061035156,179.4199981689453,180.25999450683597,21500400
1568,Facebook,2018-08-13,180.10000610351562,182.6100006103516,178.89999389648438,180.0500030517578,17423300
1569,Facebook,2018-08-14,180.7100067138672,181.9900054931641,178.6199951171875,181.1100006103516,19102000
1570,Facebook,2018-08-15,179.33999633789062,180.8699951171875,174.77999877929688,179.52999877929688,33020200
1571,Facebook,2018-08-16,180.4199981689453,180.5,174.00999450683594,174.6999969482422,31351800
1572,Facebook,2018-08-17,174.5,176.22000122070312,172.0399932861328,173.8000030517578,24893200
1573,Facebook,2018-08-20,174.0399932861328,174.57000732421875,170.91000366210938,172.5,21518000
1574,Facebook,2018-08-21,172.80999755859375,174.1699981689453,171.38999938964844,172.6199951171875,19578500
1575,Facebook,2018-08-22,172.2100067138672,174.24000549316406,172.1300048828125,173.63999938964844,16894100
1576,Facebook,2018-08-23,173.08999633789062,175.5500030517578,172.8300018310547,172.89999389648438,18053600
1577,Facebook,2018-08-24,173.6999969482422,174.82000732421875,172.9199981689453,174.64999389648438,14631600
1578,Facebook,2018-08-27,175.99000549316406,178.6699981689453,175.7899932861328,177.4600067138672,17921900
1579,Facebook,2018-08-28,178.10000610351562,178.24000549316406,175.8300018310547,176.25999450683594,15910700
1580,Facebook,2018-08-29,176.3000030517578,176.7899932861328,174.75,175.89999389648438,18494100
1581,Facebook,2018-08-30,175.89999389648438,179.7899932861328,175.6999969482422,177.63999938964844,24216500
1582,Facebook,2018-08-31,177.14999389648438,177.6199951171875,174.97999572753906,175.72999572753906,18065200
1583,Facebook,2018-09-04,173.5,173.88999938964844,168.8000030517578,171.16000366210938,29809000
1584,Facebook,2018-09-05,169.49000549316406,171.1300048828125,166.6699981689453,167.17999267578125,31226700
1585,Facebook,2018-09-06,166.97999572753906,166.97999572753906,160.0,162.52999877929688,41514800
1586,Facebook,2018-09-07,160.30999755859375,164.6300048828125,160.16000366210938,163.0399932861328,24300600
1587,Facebook,2018-09-10,163.50999450683594,165.00999450683594,162.16000366210938,164.17999267578125,20197700
1588,Facebook,2018-09-11,163.94000244140625,167.19000244140625,163.72000122070312,165.94000244140625,20457100
1589,Facebook,2018-09-12,163.25,164.49000549316406,161.8000030517578,162.0,24078100
1590,Facebook,2018-09-13,162.0,163.32000732421875,160.86000061035156,161.36000061035156,25453800
1591,Facebook,2018-09-14,161.72000122070312,162.83999633789062,160.33999633789062,162.32000732421875,21770400
1592,Facebook,2018-09-17,161.9199981689453,162.05999755859375,159.77000427246094,160.5800018310547,21005300
1593,Facebook,2018-09-18,159.38999938964844,161.75999450683594,158.8699951171875,160.3000030517578,22465200
1594,Facebook,2018-09-19,160.0800018310547,163.44000244140625,159.47999572753906,163.05999755859375,19629000
1595,Facebook,2018-09-20,164.5,166.4499969482422,164.47000122070312,166.02000427246094,18936000
1596,Facebook,2018-09-21,166.63999938964844,167.25,162.80999755859375,162.92999267578125,45994800
1597,Facebook,2018-09-24,161.02999877929688,165.6999969482422,160.8800048828125,165.41000366210938,19222800
1598,Facebook,2018-09-25,161.99000549316406,165.58999633789062,161.14999389648438,164.91000366210938,27622800
1599,Facebook,2018-09-26,164.3000030517578,169.3000030517578,164.2100067138672,166.9499969482422,25252200
1600,Facebook,2018-09-27,167.5500030517578,171.77000427246094,167.2100067138672,168.83999633789062,27266900
1601,Facebook,2018-09-28,168.3300018310547,168.7899932861328,162.55999755859375,164.4600067138672,34265600
1602,Facebook,2018-10-01,163.02999877929688,165.8800048828125,161.25999450683594,162.44000244140625,26407700
1603,Facebook,2018-10-02,161.5800018310547,162.27999877929688,158.6699981689453,159.3300018310547,36031000
1604,Facebook,2018-10-03,160.0,163.66000366210938,159.52999877929688,162.42999267578125,23109500
1605,Facebook,2018-10-04,161.4600067138672,161.4600067138672,157.35000610351562,158.85000610351562,25739600
1606,Facebook,2018-10-05,159.2100067138672,160.89999389648438,156.1999969482422,157.3300018310547,25744000
1607,Facebook,2018-10-08,155.5399932861328,158.33999633789062,154.38999938964844,157.25,24046000
1608,Facebook,2018-10-09,157.69000244140625,160.58999633789062,157.4199981689453,157.89999389648438,18844400
1609,Facebook,2018-10-10,156.82000732421875,157.69000244140625,151.30999755859375,151.3800048828125,30610000
1610,Facebook,2018-10-11,150.1300048828125,154.80999755859375,149.16000366210938,153.35000610351562,35338900
1611,Facebook,2018-10-12,156.72999572753906,156.88999938964844,151.3000030517578,153.74000549316406,25293500
1612,Facebook,2018-10-15,153.32000732421875,155.57000732421875,152.5500030517578,153.52000427246094,15433500
1613,Facebook,2018-10-16,155.39999389648438,159.4600067138672,155.00999450683594,158.77999877929688,19180100
1614,Facebook,2018-10-17,159.55999755859375,160.49000549316406,157.9499969482422,159.4199981689453,17592000
1615,Facebook,2018-10-18,158.50999450683594,158.66000366210938,153.27999877929688,154.9199981689453,21675100
1616,Facebook,2018-10-19,155.86000061035156,157.35000610351562,153.5500030517578,154.0500030517578,19761300
1617,Facebook,2018-10-22,154.75999450683594,157.33999633789062,154.4600067138672,154.77999877929688,15424700
1618,Facebook,2018-10-23,151.22000122070312,154.77000427246094,150.85000610351562,154.38999938964844,19095000
1619,Facebook,2018-10-24,154.27999877929688,154.64999389648438,145.60000610351562,146.0399932861328,27744600
1620,Facebook,2018-10-25,147.72999572753906,152.2100067138672,147.0,150.9499969482422,22105700
1621,Facebook,2018-10-26,145.82000732421875,149.0,143.8000030517578,145.3699951171875,31303300
1622,Facebook,2018-10-29,148.5,148.8300018310547,139.02999877929688,142.08999633789062,31336800
1623,Facebook,2018-10-30,139.94000244140625,146.63999938964844,139.74000549316406,146.22000122070312,50528300
1624,Facebook,2018-10-31,155.0,156.39999389648438,148.9600067138672,151.7899932861328,60101300
1625,Facebook,2018-11-01,151.52000427246094,152.75,149.35000610351562,151.75,25640800
1626,Facebook,2018-11-02,151.8000030517578,154.1300048828125,148.9600067138672,150.35000610351562,24708700
1627,Facebook,2018-11-05,150.10000610351562,150.19000244140625,147.44000244140625,148.67999267578125,15971200
1628,Facebook,2018-11-06,149.30999755859375,150.97000122070312,148.0,149.94000244140625,16667100
1629,Facebook,2018-11-07,151.57000732421875,153.00999450683594,149.8300018310547,151.52999877929688,21877400
1630,Facebook,2018-11-08,150.49000549316406,150.94000244140625,146.74000549316406,147.8699951171875,24145800
1631,Facebook,2018-11-09,146.75,147.75999450683594,144.07000732421875,144.9600067138672,17326900
1632,Facebook,2018-11-12,144.47999572753906,145.0399932861328,140.49000549316406,141.5500030517578,18542100
1633,Facebook,2018-11-13,142.0,144.8800048828125,141.6199951171875,142.16000366210938,15141700
1634,Facebook,2018-11-14,143.6999969482422,145.5800018310547,141.5500030517578,144.22000122070312,22068400
1635,Facebook,2018-11-15,142.3300018310547,144.83999633789062,140.8300018310547,143.85000610351562,30320300
1636,Facebook,2018-11-16,141.07000732421875,141.77000427246094,137.77000427246094,139.52999877929688,37250600
1637,Facebook,2018-11-19,137.61000061035156,137.75,131.2100067138672,131.5500030517578,44362700
1638,Facebook,2018-11-20,127.02999877929688,134.16000366210938,126.8499984741211,132.42999267578125,41939500
1639,Facebook,2018-11-21,134.39999389648438,137.19000244140625,134.1300048828125,134.82000732421875,25469700
1640,Facebook,2018-11-23,133.64999389648438,134.5,131.25999450683594,131.72999572753906,11886100
1641,Facebook,2018-11-26,133.0,137.0,132.77999877929688,136.3800048828125,24263600
1642,Facebook,2018-11-27,135.75,136.61000061035156,133.7100067138672,135.0,20750300
1643,Facebook,2018-11-28,136.27999877929688,136.7899932861328,131.85000610351562,136.75999450683594,29847500
1644,Facebook,2018-11-29,135.9199981689453,139.99000549316406,135.66000366210938,138.67999267578125,24238700
1645,Facebook,2018-11-30,138.25999450683594,140.97000122070312,137.36000061035156,140.61000061035156,25732600
1646,Facebook,2018-12-03,143.0,143.67999267578125,140.75999450683594,141.08999633789062,24819200
1647,Facebook,2018-12-04,140.72999572753906,143.38999938964844,137.16000366210938,137.92999267578125,30307400
1648,Facebook,2018-12-06,133.82000732421875,139.6999969482422,133.6699981689453,139.6300048828125,28218100
1649,Facebook,2018-12-07,139.25,140.8699951171875,136.66000366210938,137.4199981689453,21195500
1650,Facebook,2018-12-10,139.60000610351562,143.0500030517578,139.00999450683594,141.85000610351562,26422200
1651,Facebook,2018-12-11,143.8800048828125,143.8800048828125,141.10000610351562,142.0800018310547,20300300
1652,Facebook,2018-12-12,143.0800018310547,147.19000244140625,142.50999450683594,144.5,23696900
1653,Facebook,2018-12-13,145.57000732421875,145.85000610351562,143.19000244140625,145.00999450683594,18148600
1654,Facebook,2018-12-14,143.33999633789062,146.00999450683594,142.50999450683594,144.05999755859375,21785800
1655,Facebook,2018-12-17,143.0800018310547,144.9199981689453,138.4199981689453,140.19000244140625,24334000
1656,Facebook,2018-12-18,141.0800018310547,145.92999267578125,139.8300018310547,143.66000366210938,24709100
1657,Facebook,2018-12-19,141.2100067138672,144.91000366210938,132.5,133.24000549316406,57404900
1658,Facebook,2018-12-20,130.6999969482422,135.57000732421875,130.0,133.39999389648438,40297900
1659,Facebook,2018-12-21,133.38999938964844,134.89999389648438,123.41999816894533,124.9499969482422,56901500
1660,Facebook,2018-12-24,123.0999984741211,129.74000549316406,123.0199966430664,124.05999755859376,22066000
1661,Facebook,2018-12-26,126.0,134.24000549316406,125.88999938964844,134.17999267578125,39723400
1662,Facebook,2018-12-27,132.44000244140625,134.99000549316406,129.6699981689453,134.52000427246094,31202500
1663,Facebook,2018-12-28,135.33999633789062,135.9199981689453,132.1999969482422,133.1999969482422,22627600
1664,Facebook,2018-12-31,134.4499969482422,134.63999938964844,129.9499969482422,131.08999633789062,24625300
1665,Facebook,2019-01-02,128.99000549316406,137.50999450683594,128.55999755859375,135.67999267578125,28146200
1666,Facebook,2019-01-03,134.69000244140625,137.1699981689453,131.1199951171875,131.74000549316406,22717900
1667,Facebook,2019-01-04,134.00999450683594,138.0,133.75,137.9499969482422,29002100
1668,Facebook,2019-01-07,137.55999755859375,138.8699951171875,135.91000366210938,138.0500030517578,20089300
1669,Facebook,2019-01-08,139.88999938964844,143.13999938964844,139.5399932861328,142.52999877929688,26263800
1670,Facebook,2019-01-09,142.9499969482422,144.6999969482422,141.27000427246094,144.22999572753906,22205900
1671,Facebook,2019-01-10,143.0800018310547,144.55999755859375,140.83999633789062,144.1999969482422,16125000
1672,Facebook,2019-01-11,143.14999389648438,145.36000061035156,142.57000732421875,143.8000030517578,12908000
1673,Facebook,2019-01-14,142.0,146.57000732421875,141.27000427246094,145.38999938964844,20520300
1674,Facebook,2019-01-15,146.00999450683594,150.67999267578125,145.99000549316406,148.9499969482422,24069000
1675,Facebook,2019-01-16,149.0,149.64999389648438,147.0,147.5399932861328,18025700
1676,Facebook,2019-01-17,146.9499969482422,149.0,146.5,148.3000030517578,15787900
1677,Facebook,2019-01-18,149.75,152.42999267578125,148.5500030517578,150.0399932861328,31029600
1678,Facebook,2019-01-22,149.1999969482422,151.52999877929688,146.3699951171875,147.57000732421875,22378700
1679,Facebook,2019-01-23,148.27999877929688,148.8000030517578,143.05999755859375,144.3000030517578,20098400
1680,Facebook,2019-01-24,144.63999938964844,146.44000244140625,142.52000427246094,145.8300018310547,20955500
1681,Facebook,2019-01-25,147.47999572753906,149.8300018310547,146.5399932861328,149.00999450683594,22237200
1682,Facebook,2019-01-28,148.0500030517578,148.9600067138672,146.2100067138672,147.47000122070312,15508500
1683,Facebook,2019-01-29,148.08999633789062,148.10000610351562,143.42999267578125,144.19000244140625,17632100
1684,Facebook,2019-01-30,146.22000122070312,150.9499969482422,145.6999969482422,150.4199981689453,44613200
1685,Facebook,2019-01-31,165.60000610351562,171.67999267578125,165.0,166.69000244140625,77233600
1686,Facebook,2019-02-01,165.83999633789062,169.10000610351562,165.66000366210938,165.7100067138672,30806500
1687,Facebook,2019-02-04,165.6999969482422,169.3000030517578,163.6199951171875,169.25,20036000
1688,Facebook,2019-02-05,169.14999389648438,171.97999572753906,168.69000244140625,171.16000366210938,22557000
1689,Facebook,2019-02-06,171.1999969482422,172.47000122070312,169.27000427246094,170.49000549316406,13281200
1690,Facebook,2019-02-07,168.1999969482422,169.24000549316406,165.25,166.3800048828125,17517600
1691,Facebook,2019-02-08,164.47000122070312,167.3699951171875,164.2100067138672,167.3300018310547,12561400
1692,Facebook,2019-02-11,167.89999389648438,168.3000030517578,165.0800018310547,165.7899932861328,12811200
1693,Facebook,2019-02-12,166.86000061035156,168.33999633789062,164.5,165.0399932861328,16292300
1694,Facebook,2019-02-13,165.3800048828125,166.22000122070312,163.72999572753906,164.07000732421875,14205100
1695,Facebook,2019-02-14,163.19000244140625,164.8699951171875,162.25,163.9499969482422,12755200
1696,Facebook,2019-02-15,164.50999450683594,164.6999969482422,160.86000061035156,162.5,15504400
1697,Facebook,2019-02-19,160.5,164.14999389648438,160.3300018310547,162.2899932861328,14345400
1698,Facebook,2019-02-20,162.25,163.72000122070312,161.25,162.55999755859375,11770700
1699,Facebook,2019-02-21,161.92999267578125,162.24000549316406,159.58999633789062,160.0399932861328,15607800
1700,Facebook,2019-02-22,160.5800018310547,162.41000366210938,160.30999755859375,161.88999938964844,15858500
1701,Facebook,2019-02-25,163.07000732421875,166.07000732421875,162.89999389648438,164.6199951171875,18737100
1702,Facebook,2019-02-26,164.33999633789062,166.24000549316406,163.8000030517578,164.1300048828125,13784100
1703,Facebook,2019-02-27,162.89999389648438,163.92999267578125,160.41000366210938,162.80999755859375,12697500
1704,Facebook,2019-02-28,162.3699951171875,163.5,160.86000061035156,161.4499969482422,11114200
1705,Facebook,2019-03-01,162.60000610351562,163.1300048828125,161.69000244140625,162.27999877929688,11097800
1706,Facebook,2019-03-04,163.89999389648438,167.5,163.8300018310547,167.3699951171875,18894700
1707,Facebook,2019-03-05,167.3699951171875,171.8800048828125,166.5500030517578,171.25999450683594,28187900
1708,Facebook,2019-03-06,172.89999389648438,173.57000732421875,171.27000427246094,172.50999450683594,21531700
1709,Facebook,2019-03-07,171.5,171.74000549316406,167.61000061035156,169.1300048828125,18306500
1710,Facebook,2019-03-08,166.1999969482422,169.6199951171875,165.97000122070312,169.60000610351562,13184800
1711,Facebook,2019-03-11,171.60000610351562,174.3000030517578,171.5800018310547,172.07000732421875,18884000
1712,Facebook,2019-03-12,172.08999633789062,173.8000030517578,171.22000122070312,171.9199981689453,12155300
1713,Facebook,2019-03-13,172.32000732421875,174.02999877929688,172.1199951171875,173.3699951171875,11973300
1714,Facebook,2019-03-14,169.75999450683594,171.14999389648438,168.16000366210938,170.1699981689453,18037400
1715,Facebook,2019-03-15,167.16000366210938,167.5800018310547,162.50999450683594,165.97999572753906,37135400
1716,Facebook,2019-03-18,163.57000732421875,163.89999389648438,159.27999877929688,160.47000122070312,37524200
1717,Facebook,2019-03-19,161.47999572753906,163.82000732421875,160.82000732421875,161.57000732421875,25611500
1718,Facebook,2019-03-20,161.5,166.1199951171875,161.24000549316406,165.44000244140625,20211500
1719,Facebook,2019-03-21,164.88999938964844,166.38999938964844,163.75,166.0800018310547,16223000
1720,Facebook,2019-03-22,165.64999389648438,167.4199981689453,164.08999633789062,164.33999633789062,16389200
1721,Facebook,2019-03-25,163.0,166.5399932861328,162.0,166.2899932861328,12631200
1722,Facebook,2019-03-26,167.35000610351562,169.4499969482422,166.35000610351562,167.67999267578125,15437900
1723,Facebook,2019-03-27,167.85000610351562,168.94000244140625,164.7899932861328,165.8699951171875,10620300
1724,Facebook,2019-03-28,164.57000732421875,166.72000122070312,163.3300018310547,165.5500030517578,10443000
1725,Facebook,2019-03-29,166.38999938964844,167.19000244140625,164.80999755859375,166.69000244140625,13455500
1726,Facebook,2019-04-01,167.8300018310547,168.89999389648438,167.27999877929688,168.6999969482422,10381500
1727,Facebook,2019-04-02,170.13999938964844,174.89999389648438,169.5500030517578,174.1999969482422,23946500
1728,Facebook,2019-04-03,174.5,177.9600067138672,172.9499969482422,173.5399932861328,27391100
1729,Facebook,2019-04-04,176.02000427246094,178.0,175.52999877929688,176.02000427246094,17847700
1730,Facebook,2019-04-05,176.8800048828125,177.0,175.10000610351562,175.72000122070312,9594100
1731,Facebook,2019-04-08,175.2100067138672,175.5,174.22999572753906,174.92999267578125,7297400
1732,Facebook,2019-04-09,175.6199951171875,179.19000244140625,175.5500030517578,177.5800018310547,19751000
1733,Facebook,2019-04-10,178.17999267578125,178.7899932861328,176.5399932861328,177.82000732421875,11701500
1734,Facebook,2019-04-11,178.24000549316406,178.39999389648438,177.0,177.50999450683594,8071000
1735,Facebook,2019-04-12,178.0,179.6300048828125,177.9499969482422,179.10000610351562,12329800
1736,Facebook,2019-04-15,178.5,180.5,176.8699951171875,179.64999389648438,10834800
1737,Facebook,2019-04-16,179.0,180.1699981689453,178.3000030517578,178.8699951171875,11215200
1738,Facebook,2019-04-17,179.60000610351562,180.7400054931641,178.36000061035156,178.77999877929688,9973700
1739,Facebook,2019-04-18,178.8000030517578,178.8800048828125,177.33999633789062,178.27999877929688,11655600
1740,Facebook,2019-04-22,178.25,181.6699981689453,178.25,181.44000244140625,13389900
1741,Facebook,2019-04-23,182.7400054931641,184.22000122070312,181.47999572753903,183.77999877929688,19954800
1742,Facebook,2019-04-24,184.4900054931641,185.13999938964844,181.6499938964844,182.5800018310547,37289900
1743,Facebook,2019-04-25,196.97999572753903,198.47999572753903,192.1199951171875,193.25999450683597,54148800
1744,Facebook,2019-04-26,192.5,192.8999938964844,189.08999633789065,191.4900054931641,22075000
1745,Facebook,2019-04-29,190.9499969482422,195.41000366210935,190.6499938964844,194.77999877929688,19641300
1746,Facebook,2019-04-30,194.19000244140625,197.38999938964844,192.27999877929688,193.3999938964844,23494700
1747,Facebook,2019-05-01,194.77999877929688,196.17999267578125,193.00999450683597,193.02999877929688,15996600
1748,Facebook,2019-05-02,193.0,194.0,189.75,192.52999877929688,13209500
1749,Facebook,2019-05-03,194.3800048828125,196.16000366210935,193.7100067138672,195.47000122070312,14575400
1750,Facebook,2019-05-06,191.2400054931641,194.27999877929688,190.5500030517578,193.8800048828125,13994900
1751,Facebook,2019-05-07,192.5399932861328,192.8999938964844,187.8500061035156,189.7700042724609,16253000
1752,Facebook,2019-05-08,189.38999938964844,190.72000122070312,188.5500030517578,189.5399932861328,12505700
1753,Facebook,2019-05-09,187.1999969482422,189.7700042724609,186.25999450683597,188.6499938964844,12967000
1754,Facebook,2019-05-10,188.25,190.0,184.58999633789065,188.33999633789065,12578500
1755,Facebook,2019-05-13,183.5,185.42999267578125,180.83999633789065,181.5399932861328,16833300
1756,Facebook,2019-05-14,182.5200042724609,183.4900054931641,178.10000610351562,180.72999572753903,17628100
1757,Facebook,2019-05-15,180.4199981689453,187.27999877929688,180.02000427246094,186.2700042724609,16746900
1758,Facebook,2019-05-16,185.0500030517578,188.5800018310547,185.0500030517578,186.9900054931641,12953100
1759,Facebook,2019-05-17,184.83999633789065,187.5800018310547,184.27999877929688,185.3000030517578,10485400
1760,Facebook,2019-05-20,181.8800048828125,184.22999572753903,181.3699951171875,182.72000122070312,10352000
1761,Facebook,2019-05-21,184.57000732421875,185.6999969482422,183.88999938964844,184.82000732421875,7502800
1762,Facebook,2019-05-22,184.72999572753903,186.7400054931641,183.6100006103516,185.32000732421875,9213800
1763,Facebook,2019-05-23,182.4199981689453,183.8999938964844,179.6699981689453,180.8699951171875,12768800
1764,Facebook,2019-05-24,182.3300018310547,183.6300048828125,180.8300018310547,181.05999755859372,8807700
1765,Facebook,2019-05-28,181.5399932861328,184.7100067138672,181.4499969482422,184.30999755859372,14843300
1766,Facebook,2019-05-29,183.5,184.55999755859372,181.3500061035156,182.19000244140625,12797700
1767,Facebook,2019-05-30,183.0800018310547,183.47999572753903,180.88999938964844,183.00999450683597,8581500
1768,Facebook,2019-05-31,180.27999877929688,180.5399932861328,177.16000366210938,177.47000122070312,15226500
1769,Facebook,2019-06-03,175.0,175.0500030517578,161.00999450683594,164.14999389648438,56059600
1770,Facebook,2019-06-04,163.7100067138672,168.27999877929688,160.83999633789062,167.5,46044300
1771,Facebook,2019-06-05,167.47999572753906,168.72000122070312,164.6300048828125,168.1699981689453,19758300
1772,Facebook,2019-06-06,168.3000030517578,169.6999969482422,167.22999572753906,168.3300018310547,12446400
1773,Facebook,2019-06-07,170.1699981689453,173.8699951171875,168.83999633789062,173.35000610351562,16917300
1774,Facebook,2019-06-10,174.75,177.86000061035156,173.8000030517578,174.82000732421875,14767900
1775,Facebook,2019-06-11,178.47999572753906,179.97999572753906,176.7899932861328,178.10000610351562,15266600
1776,Facebook,2019-06-12,178.3800048828125,179.27000427246094,172.8800048828125,175.0399932861328,17699800
1777,Facebook,2019-06-13,175.52999877929688,178.02999877929688,174.61000061035156,177.47000122070312,12253600
1778,Facebook,2019-06-14,180.50999450683597,181.83999633789065,180.0,181.3300018310547,16773700
1779,Facebook,2019-06-17,185.00999450683597,189.5,184.41000366210935,189.00999450683597,29459900
1780,Facebook,2019-06-18,194.0,194.52999877929688,187.27999877929688,188.47000122070312,37571400
1781,Facebook,2019-06-19,187.0,188.1000061035156,184.5500030517578,187.47999572753903,21417100
1782,Facebook,2019-06-20,190.9499969482422,191.16000366210935,187.63999938964844,189.52999877929688,14635700
1783,Facebook,2019-06-21,188.75,192.0,188.75,191.13999938964844,22751200
1784,Facebook,2019-06-24,192.4199981689453,193.97999572753903,191.57000732421875,192.6000061035156,15509000
1785,Facebook,2019-06-25,192.8800048828125,193.13999938964844,188.1300048828125,188.83999633789065,16750300
1786,Facebook,2019-06-26,189.5399932861328,190.75999450683597,187.30999755859372,187.66000366210935,12808600
1787,Facebook,2019-06-27,189.8800048828125,198.8800048828125,188.2700042724609,189.5,11159000
1788,Facebook,2019-06-28,190.5500030517578,193.1999969482422,189.94000244140625,193.0,16378900
1789,Facebook,2019-07-01,195.2100067138672,195.27999877929688,191.92999267578125,193.0,14181800
1790,Facebook,2019-07-02,193.0,195.0,192.7100067138672,195.0,9050000
1791,Facebook,2019-07-03,194.16000366210935,197.3999938964844,194.16000366210935,197.1999969482422,10246100
1792,Facebook,2019-07-05,196.17999267578125,197.07000732421875,194.1699981689453,196.3999938964844,11164100
1793,Facebook,2019-07-08,195.19000244140625,196.67999267578125,193.63999938964844,195.75999450683597,9723900
1794,Facebook,2019-07-09,194.97000122070312,199.4600067138672,194.88999938964844,199.2100067138672,14698600
1795,Facebook,2019-07-10,200.0,202.9600067138672,199.6699981689453,202.72999572753903,20571700
1796,Facebook,2019-07-11,203.25999450683597,203.8000030517578,200.2100067138672,201.22999572753903,13678500
1797,Facebook,2019-07-12,199.67999267578125,205.3000030517578,199.16000366210935,204.8699951171875,15366300
1798,Facebook,2019-07-15,204.25,205.3300018310547,201.82000732421875,203.91000366210935,16030300
1799,Facebook,2019-07-16,203.88999938964844,205.47000122070312,203.1000061035156,203.83999633789065,12132700
1800,Facebook,2019-07-17,204.17999267578125,204.3600006103516,201.58999633789065,201.8000030517578,12083700
1801,Facebook,2019-07-18,200.1499938964844,202.47000122070312,199.3800048828125,200.77999877929688,11937900
1802,Facebook,2019-07-19,202.17999267578125,202.3300018310547,198.07000732421875,198.3600006103516,12098300
1803,Facebook,2019-07-22,199.91000366210935,202.57000732421875,198.80999755859372,202.32000732421875,13589000
1804,Facebook,2019-07-23,202.83999633789065,204.2400054931641,200.9600067138672,202.3600006103516,14583700
1805,Facebook,2019-07-24,197.6300048828125,204.80999755859372,197.22000122070312,204.66000366210935,32532500
1806,Facebook,2019-07-25,206.6999969482422,208.66000366210935,198.25999450683597,200.7100067138672,39889900
1807,Facebook,2019-07-26,200.19000244140625,202.8800048828125,196.25,199.75,24434000
1808,Facebook,2019-07-29,199.0,199.6300048828125,195.3000030517578,195.94000244140625,16530800
1809,Facebook,2019-07-30,195.38999938964844,198.7100067138672,193.5,197.0399932861328,11903600
1810,Facebook,2019-07-31,196.9499969482422,198.75999450683597,192.67999267578125,194.22999572753903,14593500
1811,Facebook,2019-08-01,194.1699981689453,198.47000122070312,190.8800048828125,192.72999572753903,17777000
1812,Facebook,2019-08-02,191.1000061035156,192.6199951171875,188.07000732421875,189.0200042724609,15297000
1813,Facebook,2019-08-05,184.69000244140625,185.6699981689453,179.33999633789062,181.72999572753903,23086700
1814,Facebook,2019-08-06,183.69000244140625,185.7899932861328,183.08999633789065,184.50999450683597,18035700
1815,Facebook,2019-08-07,183.6000061035156,186.3699951171875,181.22000122070312,185.1499938964844,15833200
1816,Facebook,2019-08-08,186.6199951171875,190.33999633789065,184.0500030517578,190.16000366210935,14828900
1817,Facebook,2019-08-09,190.0,190.97999572753903,187.1199951171875,187.8500061035156,11058800
1818,Facebook,2019-08-12,186.8500061035156,187.58999633789065,184.4600067138672,185.3699951171875,10930900
1819,Facebook,2019-08-13,185.5200042724609,191.3800048828125,185.3699951171875,188.4499969482422,13577000
1820,Facebook,2019-08-14,185.8000030517578,185.9900054931641,179.30999755859375,179.7100067138672,18903700
1821,Facebook,2019-08-15,180.9499969482422,183.1999969482422,180.02999877929688,182.58999633789065,12925900
1822,Facebook,2019-08-16,183.75,185.1000061035156,182.3600006103516,183.6999969482422,12654600
1823,Facebook,2019-08-19,186.00999450683597,187.5,184.8500061035156,186.1699981689453,9691200
1824,Facebook,2019-08-20,185.4499969482422,186.0,182.38999938964844,183.80999755859372,10083400
1825,Facebook,2019-08-21,185.0,185.8999938964844,183.13999938964844,183.5500030517578,8398200
1826,Facebook,2019-08-22,183.42999267578125,184.1100006103516,179.91000366210938,182.0399932861328,10821400
1827,Facebook,2019-08-23,180.83999633789065,183.1300048828125,176.66000366210938,177.75,17323400
1828,Facebook,2019-08-26,179.39999389648438,180.5,178.24000549316406,180.3600006103516,8773600
1829,Facebook,2019-08-27,181.92999267578125,184.0399932861328,181.00999450683597,181.3000030517578,14399600
1830,Facebook,2019-08-28,180.52999877929688,181.9499969482422,178.9199981689453,181.75999450683597,9386100
1831,Facebook,2019-08-29,183.7700042724609,186.0800018310547,183.47000122070312,185.57000732421875,10128700
1832,Facebook,2019-08-30,186.77999877929688,186.8000030517578,183.4600067138672,185.6699981689453,10774500
1833,Facebook,2019-09-03,184.0,185.6699981689453,182.1100006103516,182.38999938964844,9779400
1834,Facebook,2019-09-04,184.6499938964844,187.75,183.88999938964844,187.13999938964844,11308000
1835,Facebook,2019-09-05,188.52999877929688,191.3600006103516,187.94000244140625,190.8999938964844,13876700
1836,Facebook,2019-09-06,190.2100067138672,190.2100067138672,186.3500061035156,187.4900054931641,15226800
1837,Facebook,2019-09-09,187.72999572753903,188.97999572753903,185.8500061035156,188.75999450683597,14722400
1838,Facebook,2019-09-10,187.44000244140625,188.1000061035156,184.5500030517578,186.1699981689453,15455900
1839,Facebook,2019-09-11,186.4600067138672,189.44000244140625,186.0800018310547,188.4900054931641,11761700
1840,Facebook,2019-09-12,189.8600006103516,190.92999267578125,187.22999572753903,187.47000122070312,11419800
1841,Facebook,2019-09-13,187.3300018310547,187.97000122070312,186.5399932861328,187.19000244140625,11441100
1842,Facebook,2019-09-16,186.92999267578125,187.7899932861328,185.7700042724609,186.22000122070312,8444800
1843,Facebook,2019-09-17,186.66000366210935,188.32000732421875,185.5399932861328,188.0800018310547,9671100
1844,Facebook,2019-09-18,188.08999633789065,189.0800018310547,186.00999450683597,188.13999938964844,9681900
1845,Facebook,2019-09-19,188.66000366210935,191.1000061035156,188.1499938964844,190.13999938964844,10392700
1846,Facebook,2019-09-20,190.66000366210935,193.1000061035156,188.1199951171875,189.92999267578125,19934200
1847,Facebook,2019-09-23,189.33999633789065,190.1000061035156,185.2100067138672,186.82000732421875,13327600
1848,Facebook,2019-09-24,187.97999572753903,188.0399932861328,180.38999938964844,181.27999877929688,18546600
1849,Facebook,2019-09-25,181.4499969482422,183.4199981689453,177.8699951171875,182.8000030517578,18068300
1850,Facebook,2019-09-26,181.3300018310547,181.3999938964844,177.6699981689453,180.11000061035156,16083300
1851,Facebook,2019-09-27,180.4900054931641,180.75999450683597,175.66000366210938,177.10000610351562,14656200
1852,Facebook,2019-09-30,177.8699951171875,178.6699981689453,176.85000610351562,178.0800018310547,10740000
1853,Facebook,2019-10-01,179.14999389648438,179.83999633789062,174.8800048828125,175.80999755859375,17073000
1854,Facebook,2019-10-02,174.83999633789062,176.52999877929688,173.08999633789062,174.60000610351562,16151700
1855,Facebook,2019-10-03,175.57000732421875,179.83999633789062,173.6300048828125,179.3800048828125,16086300
1856,Facebook,2019-10-04,179.5500030517578,180.97999572753903,178.10000610351562,180.4499969482422,10430200
1857,Facebook,2019-10-07,180.0,181.17999267578125,178.08999633789062,179.67999267578125,9178300
1858,Facebook,2019-10-08,178.25999450683594,180.3699951171875,177.72000122070312,177.75,9466900
1859,Facebook,2019-10-09,179.16000366210938,180.72000122070312,177.94000244140625,179.85000610351562,7556900
1860,Facebook,2019-10-10,180.32000732421875,181.6100006103516,179.1699981689453,180.02999877929688,8605000
1861,Facebook,2019-10-11,182.1499938964844,186.4900054931641,182.13999938964844,184.19000244140625,14930500
1862,Facebook,2019-10-14,184.1999969482422,184.6199951171875,182.57000732421875,183.27999877929688,7006000
1863,Facebook,2019-10-15,183.8000030517578,190.3800048828125,183.66000366210935,188.88999938964844,15039100
1864,Facebook,2019-10-16,188.32000732421875,189.6999969482422,186.8999938964844,189.5500030517578,10516900
1865,Facebook,2019-10-17,190.3000030517578,190.83999633789065,188.7700042724609,190.38999938964844,9603000
1866,Facebook,2019-10-18,190.22999572753903,191.4900054931641,183.9199981689453,185.8500061035156,16874200
1867,Facebook,2019-10-21,187.0399932861328,189.91000366210935,186.75,189.75999450683597,8122600
1868,Facebook,2019-10-22,190.0,190.6499938964844,181.5,182.33999633789065,19537600
1869,Facebook,2019-10-23,182.00999450683597,186.3800048828125,182.0,186.1499938964844,12300400
1870,Facebook,2019-10-24,184.6199951171875,186.72999572753903,182.8000030517578,186.3800048828125,11413500
1871,Facebook,2019-10-25,185.8300018310547,189.0,185.08999633789065,187.88999938964844,8061200
1872,Facebook,2019-10-28,187.1999969482422,189.52999877929688,185.0800018310547,189.3999938964844,13657900
1873,Facebook,2019-10-29,191.69000244140625,192.52999877929688,188.47000122070312,189.30999755859372,13574900
1874,Facebook,2019-10-30,189.55999755859372,190.4499969482422,185.97999572753903,188.25,28734600
1875,Facebook,2019-10-31,196.6999969482422,198.08999633789065,188.25,191.6499938964844,42286500
1876,Facebook,2019-11-01,192.8500061035156,194.1100006103516,189.91000366210935,193.6199951171875,21711800
1877,Facebook,2019-11-04,194.5500030517578,197.3699951171875,193.80999755859372,194.72000122070312,16371300
1878,Facebook,2019-11-05,195.3699951171875,195.75,193.6000061035156,194.32000732421875,9942000
1879,Facebook,2019-11-06,194.02999877929688,194.3699951171875,191.3500061035156,191.5500030517578,10973000
1880,Facebook,2019-11-07,191.91000366210935,193.44000244140625,189.47000122070312,190.4199981689453,13473000
1881,Facebook,2019-11-08,190.0,192.33999633789065,189.6999969482422,190.83999633789065,10760800
1882,Facebook,2019-11-11,189.92999267578125,190.0800018310547,188.5399932861328,189.6100006103516,8631200
1883,Facebook,2019-11-12,190.0,195.05999755859372,189.7400054931641,194.47000122070312,17615500
1884,Facebook,2019-11-13,194.6999969482422,195.6999969482422,192.7400054931641,193.19000244140625,10860700
1885,Facebook,2019-11-14,192.92999267578125,194.02999877929688,191.4499969482422,193.1499938964844,9040500
1886,Facebook,2019-11-15,194.25999450683597,195.3000030517578,193.3800048828125,195.1000061035156,11524300
1887,Facebook,2019-11-18,194.55999755859372,198.6300048828125,193.0500030517578,197.3999938964844,16167200
1888,Facebook,2019-11-19,197.3999938964844,200.0,196.8600006103516,199.32000732421875,19056800
1889,Facebook,2019-11-20,198.5800018310547,199.58999633789065,195.42999267578125,197.50999450683597,12355400
1890,Facebook,2019-11-21,197.4199981689453,199.08999633789065,196.8600006103516,197.92999267578125,12131000
1891,Facebook,2019-11-22,198.3800048828125,199.3000030517578,197.6199951171875,198.82000732421875,9959800
1892,Facebook,2019-11-25,199.5200042724609,200.97000122070312,199.25,199.7899932861328,15272300
1893,Facebook,2019-11-26,200.0,200.1499938964844,198.0399932861328,198.97000122070312,11735500
1894,Facebook,2019-11-27,199.8999938964844,203.13999938964844,199.4199981689453,202.0,12736600
1895,Facebook,2019-11-29,201.6000061035156,203.8000030517578,201.2100067138672,201.63999938964844,7985200
1896,Facebook,2019-12-02,202.1300048828125,202.17999267578125,198.0500030517578,199.6999969482422,11503400
1897,Facebook,2019-12-03,197.6000061035156,198.92999267578125,195.0800018310547,198.82000732421875,11595300
1898,Facebook,2019-12-04,200.0,200.02999877929688,198.0500030517578,198.7100067138672,8456300
1899,Facebook,2019-12-05,199.8600006103516,201.2899932861328,198.2100067138672,199.3600006103516,9740400
1900,Facebook,2019-12-06,200.5,201.57000732421875,200.05999755859372,201.0500030517578,12270600
1901,Facebook,2019-12-09,200.6499938964844,203.13999938964844,200.2100067138672,201.33999633789065,11954800
1902,Facebook,2019-12-10,201.66000366210935,202.0500030517578,200.1499938964844,200.8699951171875,9475700
1903,Facebook,2019-12-11,200.27999877929688,202.6300048828125,200.27999877929688,202.25999450683597,8036800
1904,Facebook,2019-12-12,202.3500061035156,203.66000366210935,194.1000061035156,196.75,23734800
1905,Facebook,2019-12-13,196.3999938964844,196.8000030517578,193.1699981689453,194.1100006103516,18798000
1906,Facebook,2019-12-16,195.2700042724609,199.1199951171875,194.80999755859372,197.9199981689453,14911500
1907,Facebook,2019-12-17,198.83999633789065,199.0,196.1300048828125,198.38999938964844,10175700
1908,Facebook,2019-12-18,200.08999633789065,204.3000030517578,200.08999633789065,202.5,23274400
1909,Facebook,2019-12-19,202.77999877929688,206.3000030517578,202.50999450683597,206.05999755859372,16514600
1910,Facebook,2019-12-20,207.47999572753903,207.7100067138672,203.42999267578125,206.3000030517578,27306900
1911,Facebook,2019-12-23,206.6999969482422,208.58999633789065,205.67999267578125,206.17999267578125,13348900
1912,Facebook,2019-12-24,206.3000030517578,206.7899932861328,205.0,205.1199951171875,6046300
1913,Facebook,2019-12-26,205.57000732421875,207.82000732421875,205.30999755859372,207.7899932861328,9350700
1914,Facebook,2019-12-27,208.6699981689453,208.92999267578125,206.58999633789065,208.1000061035156,10284200
1915,Facebook,2019-12-30,207.8600006103516,207.8999938964844,203.8999938964844,204.41000366210935,10524300
1916,Facebook,2019-12-31,204.0,205.55999755859372,203.6000061035156,205.25,8953500
